TransferSubject,TransferCourse,Transfer Title,TransferHours,TransferLevel,Connector,OU Subject,OU Course,OU Title,OUCredits,Gen. Ed.,Pass
ACCB,129,INTRODUCTION TO BOOKKEEPING,5,LOWER DIVISION,,TRF,1999,LOWER DIVISION TRANSFER CREDIT,5,,
ACCB,229,QUICKBOOKS PRO ACCOUNTING,5,LOWER DIVISION,,TRF,1999,LOWER DIVISION TRANSFER CREDIT,5,,
ACCT,201,PRIN OF ACCOUNTING,4,Lower Division Course,,ACCT,2113,FUNDMNTL FINANCIAL ACCOUNTING,3,,
ACCT,201,PRIN OF ACCOUNTING,4,Lower Division Course,AND,ACCT,1999,LOWER DIVISION TRANSFER CREDIT,1,,
ACCT,202,PRINC OF ACCT II,4,Lower Division Course,,ACCT,2123,FUNDMNTL MANAGERIAL ACCOUNTING,3,,
ACCT,202,PRINC OF ACCT II,4,Lower Division Course,AND,ACCT,1999,LOWER DIVISION TRANSFER CREDIT,1,,
AG,111,ART INSEMINATN OF C,2,Lower Division Course,,TRF,1999,LOWER DIVISION TRANSFER CREDIT,2,,
AGRI,104,AGRICULTURE MANAGEMENT,4,LOWER DIVISION,,TRF,1999,LOWER DIVISION TRANSFER CREDIT,4,,
ALLH,100,INTRO TO ALLIED HLTH,2,LOWER DIVISION,,HES,1999,LOWER DIVISION TRANSFER CREDIT,2,,
ALLH,101,MEDICAL TERMINOLOGY,2,Lower Division Course,,CL C,2413,MEDICAL VOCABULARY,2,,
ALLH,102,CERT NURSING ASSIS,6,LOWER DIVISION,,TRF,1999,LOWER DIVISION TRANSFER CREDIT,6,,
ALLH,202,INTRODUCTION TO ALLIED HEALTH,2,LOWER DIVISION,,TRF,1999,LOWER DIVISION TRANSFER CREDIT,2,,
ALLH,220,FUNDAMENTALS OF NUTRITION,3,LOWER DIVISION,,HES,2823,INTRODUCTORY NUTRITION,3,Gen Ed-Natural Science,
ANTH,102,CULT ANTH,3,LOWER DIVISION,,ANTH,2203,GLOBAL CULTURAL DIVERSITY,3,Gen Ed-World Culture,
ANTH,102,CULT ANTH,3,LOWER DIVISION,,ANTH,2203,GLOBAL CULTURAL DIVERSITY,3,Gen Ed-Non Western Culture,
ART,101,ART HISTORY,0,Lower Division Course,,A HI,2213,GLOBAL ART I,0,Gen Ed-Artistic Forms,
ART,102,ART HISTORY,3,Lower Division Course,,A HI,2223,GLOBAL ART  II,3,Gen Ed-Artistic Forms,
ART,106,DESIGN,3,Lower Division Course,,ART,1999,LOWER DIVISION TRANSFER CREDIT,3,,
ART,141,PHOTOGRAPHY DARKROOM,2,LOWER DIVISION,,ART,1999,LOWER DIVISION TRANSFER CREDIT,2,,
ARTS,101,ART HISTORY I,3,Lower Division Course,,A HI,1113,UNDERSTANDING ART,3,Gen Ed-Artistic Forms,
ARTS,109,DRAWING I,3,LOWER DIVISION,,ART,1999,LOWER DIVISION TRANSFER CREDIT,3,,
BA,215,INTRO/INFORMATN SCI,3,Lower Division Course,,TRF,1999,LOWER DIVISION TRANSFER CREDIT,3,,
BA,265,LEGAL ENVIRONMENT,3,Lower Division Course,,TRF,1999,LOWER DIVISION TRANSFER CREDIT,3,,
BAD,1001,PERSONAL COMPUTING PROD TOOLS,1,LOWER DIVISION,,B AD,1999,LOWER DIVISION TRANSFER CREDIT,1,,
BIO,120,MAN & ENVIRONMENT,4,Lower Division Course,,TRF,1999,LOWER DIVISION TRANSFER CREDIT,4,,
BIO,202,ANIMAL BIOLOGY,4,Lower Division Course,,BIOL,1124,INTRO BIOL: MOLECULE/CELL/PHYS,4,Gen Ed-Natural Science w/lab,
BIOL,100,CONCEPTS OF BIOLOGY,4,Lower Division Course,,BIOL,1005,CONCEPTS IN BIOLOGY,4,Gen Ed-Natural Science w/lab,
BIOL,120,ENVIORN SCIENCE,4,Lower Division Course,,BIOL,2404,ECOLOGY/ENVIRONMENTAL QUALITY,4,Gen Ed-Natural Science w/lab,
BIOL,120L,ENVIRON SCI LAB,0,Lower Division Course,,TRF,1999,LOWER DIVISION TRANSFER CREDIT,0,,
BIOL,127,HUM STRUCT/FUNC W/L,4,Lower Division Course,,BIOL,1999,LOWER DIVISION TRANSFER CREDIT,4,,
BIOL,199,SUSTAIN RESEARCH PROG,1,LOWER DIVISION,,BIOL,1999,LOWER DIVISION TRANSFER CREDIT,1,,
BIOL,201,BIOLOGY I,4,Lower Division Course,,BIOL,1005,CONCEPTS IN BIOLOGY,4,Gen Ed-Natural Science w/lab,
BIOL,202,BIOLOGY II,4,LOWER DIVISION,,BIOL,1999,LOWER DIVISION TRANSFER CREDIT,4,,
BIOL,204,INTRO TO CELL BIOLOGY,4,LOWER DIVISION,,BIOL,1999,LOWER DIVISION TRANSFER CREDIT,4,,
BIOL,250,GEN MICROBIO W/LAB,4,Lower Division Course,,MBIO,2815,INTRODUCTION TO MICROBIOLOGY,4,Gen Ed-Natural Science w/lab,
BUSA,101,INTRO TO BUSINESS,3,Lower Division Course,,TRF,1999,LOWER DIVISION TRANSFER CREDIT,3,,
BUSA,199,INTERNATIONAL BUSINESS CLUB,3,LOWER DIVISION,,B AD,1999,LOWER DIVISION TRANSFER CREDIT,3,,
BUSA,207,BUS STATISTICS-DEC,3,Lower Division Course,,ECON,2843,ELEMENTS OF STATISTICS,3,Gen Ed-Mathematics,
BUSA,215,INTRO INFORMA SCIEN,3,Lower Division Course,,TRF,1999,LOWER DIVISION TRANSFER CREDIT,3,,
BUSA,255,PRIN OF MANAGEMENT,3,LOWER DIVISION,,MGT,1999,LOWER DIVISION TRANSFER CREDIT,3,,
BUSA,265,LEGAL ENVIRONMENT,3,Lower Division Course,,TRF,1999,LOWER DIVISION TRANSFER CREDIT,3,,
BUSM,150,HUMAN RELA-LEADERS,3,Lower Division Course,,TRF,1999,LOWER DIVISION TRANSFER CREDIT,3,,
BUSM,164,SELF MANAGEMENT,1,Lower Division Course,,TRF,1999,LOWER DIVISION TRANSFER CREDIT,1,,
BUSM,170,MARKETING EDUCATION ASSOCIAT,2,LOWER DIVISION,,TRF,1999,LOWER DIVISION TRANSFER CREDIT,2,,
CABW,110,BASIC CONCEPTS OF WOODWORKING,1,LOWER DIVISION,,TRF,1999,LOWER DIVISION TRANSFER CREDIT,1,,
CHEM,100,CHEMISTRY IN EVERYDAY LIFE,4,Lower Division Course,,CHEM,1999,LOWER DIVISION TRANSFER CREDIT,4,,
CHEM,101,CHEMISTRY INTRODUC,4,Lower Division Course,,CHEM,1999,LOWER DIVISION TRANSFER CREDIT,4,,
CHEM,111,PRIN OF CHEM,5,Lower Division Course,,CHEM,1315,GENERAL CHEMISTRY,5,Gen Ed-Natural Science w/lab,
CHEM,112,PRIN OF CHEMISTRY 2,5,Lower Division Course,,CHEM,1415,GENERAL CHEMISTRY (CONTINUED),5,Gen Ed-Natural Science w/lab,
CHEM,190,MATH SKILLS,1,Lower Division Course,,CHEM,1999,LOWER DIVISION TRANSFER CREDIT,1,,
CHEM,200,CHEMISTRY,3,Lower Division Course,,CHEM,1999,LOWER DIVISION TRANSFER CREDIT,3,,
CHEM,200I,INTERNSHIP,1,LOWER DIVISION,,CHEM,1999,LOWER DIVISION TRANSFER CREDIT,1,,
CHEM,253,QUANTITATIVE ANALY,5,Lower Division Course,,CHEM,3005,QUANTITATIVE ANALYSIS,5,,
CHEM,298,ORGANIC CHEM I W/LB,4,Lower Division Course,,CHEM,3053,ORGANIC CHEM I: BIOLOGICAL,3,,
CHEM,298,ORGANIC CHEM I W/LB,4,Lower Division Course,AND,CHEM,3152,ORGANIC CHEM LAB: BIOLOGICAL,1,,
CHEM,299,ORGANIC CHEM 2 W/LB,4,Lower Division Course,,CHEM,3153,ORGANIC CHEM II: BIOLOGICAL,3,,
CHEM,299,ORGANIC CHEM 2 W/LB,4,Lower Division Course,AND,CHEM,3152,ORGANIC CHEM LAB: BIOLOGICAL,1,,
CISA,000,COMPUTER LITERACY,0,Lower Division Course,,C S,1999,LOWER DIVISION TRANSFER CREDIT,0,,
CISA,101,COMPUTER LITERACY S,3,Lower Division Course,,C S,1999,LOWER DIVISION TRANSFER CREDIT,3,,
COMM,101,FUND OF ORAL COMM,3,Lower Division Course,,COMM,1113,PRINCIPLES OF COMMUNICATION,3,Gen Ed-Communications,
COMP,P199,USING PHOTOSHOP,1,Lower Division Course,,C S,1999,LOWER DIVISION TRANSFER CREDIT,1,,
CRIJ,101,INTRO TO CRIMINAL JUSTICE,3,Lower Division Course,,TRF,1999,LOWER DIVISION TRANSFER CREDIT,3,,
CRIJ,103,INTRO LAW & JUSTICE,3,LOWER DIVISION,,TRF,1999,LOWER DIVISION TRANSFER CREDIT,3,,
CRIJ,205,CONSTITUTNL RIGHTS OF INMATES,3,LOWER DIVISION,,TRF,1999,LOWER DIVISION TRANSFER CREDIT,3,,
CRIJ,276,LAW OF ARREST,3,LOWER DIVISION,,TRF,1999,LOWER DIVISION TRANSFER CREDIT,3,,
CS,199,IBM INTRO TO COMPTR,1,Lower Division Course,,TRF,1999,LOWER DIVISION TRANSFER CREDIT,1,,
CS,225,INTRO TO PROG-FORTR,3,Lower Division Course,,TRF,1999,LOWER DIVISION TRANSFER CREDIT,3,,
CULA,160,MENU MANAGEMENT,3,LOWER DIVISION,,TRF,1999,LOWER DIVISION TRANSFER CREDIT,3,,
DANC,101,DANCE APPRECIATION,3,LOWER DIVISION,,DANC,1713,UNDERSTANDING DANCE,3,Gen Ed-Artistic Forms,
DRAMA,101,THEATRE APPRECIATN,3,Lower Division Course,,DRAM,1713,UNDERSTANDING THEATRE,3,Gen Ed-Artistic Forms,
ECON,201,PRIN OF ECON MACRO,3,Lower Division Course,,ECON,1113,PRINCIPLES OF ECONOMICS-MACRO,3,Gen Ed-Social Science,
ECON,202,PRIN OF ECON MICRO,3,Lower Division Course,,ECON,1123,PRINCIPLES OF ECONOMICS-MICRO,3,Gen Ed-Social Science,
ED,205,ED OF EXCPT CHILD,3,Lower Division Course,,EDUC,1999,LOWER DIVISION TRANSFER CREDIT,3,,
EDUC,110,PEER TUTOR TRAINING,1,LOWER DIVISION,,EDUC,1999,LOWER DIVISION TRANSFER CREDIT,1,,
EDUC,199A,COACHES CLINIC,1,LOWER DIVISION,,EDUC,1999,LOWER DIVISION TRANSFER CREDIT,1,,
EDUC,201,FOUND OF EDUCATION,3,Lower Division Course,,EDUC,1999,LOWER DIVISION TRANSFER CREDIT,3,,
EDUC,203,APP EDUCATION,1,LOWER DIVISION,,EDUC,1999,LOWER DIVISION TRANSFER CREDIT,1,,
EDUC,205,DEV IND DIFFERNECE,3,Lower Division Course,,EDUC,1999,LOWER DIVISION TRANSFER CREDIT,3,,
EDUC,215,EDUC TECHNOLOGY,3,Lower Division Course,,EDUC,1999,LOWER DIVISION TRANSFER CREDIT,3,,
ENGI,105,CAD ENGINEERING GRAPHICS,2,LOWER DIVISION,,ENGR,1999,LOWER DIVISION TRANSFER CREDIT,2,,
ENGI,120,INTRO TO ENGINEERING,2,LOWER DIVISION,,ENGR,1112,INTRODUCTION TO ENGINEERING,2,,
ENGL,011,BASIC ENGL & WRITE,4,Lower Division Course,,ENGL,0999,REMEDIAL ENGLISH,4,,
ENGL,015,BASIC ENGLISH & WRITING,4,LOWER DIVISION,,ENGL,0113,INTRO TO COLLEGE WRITING,3,,
ENGL,015,BASIC ENGLISH & WRITING,4,LOWER DIVISION,AND,ENGL,0999,REMEDIAL ENGLISH,1,,
ENGL,090,DEVL ENGLISH,3,Lower Division Course,,ENGL,0113,INTRO TO COLLEGE WRITING,3,,
ENGL,100,ENGLISH COMPOSITION PLUS,2,LOWER DIVISION,,ENGL,1999,LOWER DIVISION TRANSFER CREDIT,2,,
ENGL,101,ENGLISH COMPOSITION,3,Lower Division Course,,ENGL,1113,PRINCIPLES-ENGLISH COMPOSITION,3,Gen Ed-English Composition I,
ENGL,101F,ENGLISH COMP,3,Lower Division Course,,ENGL,1113,PRINCIPLES-ENGLISH COMPOSITION,3,Gen Ed-English Composition I,
ENGL,102,ENGLISH COMPOSITION,3,Lower Division Course,,ENGL,1213,PRINCIPLES-ENGLISH COMPOSITION,3,Gen Ed-English Composition II,
ENGL,102F,ENGL COMP,3,Lower Division Course,,ENGL,1213,PRINCIPLES-ENGLISH COMPOSITION,3,Gen Ed-English Composition II,
ENGL,105,CAD ENGR,2,Lower Division Course,,TRF,1999,LOWER DIVISION TRANSFER CREDIT,2,,
ENGL,175,INTRO TO LITERATURE,3,LOWER DIVISION,,ENGL,2413,INTRODUCTION TO LITERATURE,3,Gen Ed-Artistic Forms,
ENGL,204,INTRO TO POETRY,3,LOWER DIVISION,,ENGL,2223,POETRY,3,Gen Ed-Artistic Forms,
ENGL,210,AMERICAN WESTERN LITERATURE,3,LOWER DIVISION,,ENGL,1999,LOWER DIVISION TRANSFER CREDIT,3,,
ENGL,211,SURVEY OF AMERICAN LIT I,3,LOWER DIVISION,,ENGL,2773,AMERICAN LITERATURE,3,Gen Ed-Western Culture,
ENGL,212,SURVEY OF AMERICAN LIT II,3,LOWER DIVISION,,ENGL,2883,AMERICAN LITERATURE,3,Gen Ed-Western Culture,
ENGL,215,SURV OF WORLD MYTH,3,LOWER DIVISION,,ENGL,1999,LOWER DIVISION TRANSFER CREDIT,3,,
ENGL,241,CREATIVE WRITING,3,Lower Division Course,,ENGL,2123,CREATIVE WRITING,3,,
ENGS,028,ESL GRAMMAR 3,3,Lower Division Course,,TRF,0999,REMEDIAL TRANSFER CREDIT,3,,
ENGS,028L,ESL GRAMMAR 3 LAB,0,Lower Division Course,,TRF,0999,REMEDIAL TRANSFER CREDIT,0,,
ENGS,104,ESL READ/WRITE III,3,Lower Division Course,,TRF,1999,LOWER DIVISION TRANSFER CREDIT,3,,
ENGS,105,ESL LISTEN/SPEAK-CO,2,Lower Division Course,,TRF,1999,LOWER DIVISION TRANSFER CREDIT,2,,
ENGS,105L,ESL LISTEN/SPEAK CO,0,Lower Division Course,,TRF,1999,LOWER DIVISION TRANSFER CREDIT,0,,
ENVT,105,INTRO TO RENEWABLE ENERGY,2,LOWER DIVISION,,TRF,1999,LOWER DIVISION TRANSFER CREDIT,2,,
ENVT,106,INTRO TO RENEWABLE ENERGY LAB,1,LOWER DIVISION,,TRF,1999,LOWER DIVISION TRANSFER CREDIT,1,,
FINA,102,PERSONAL FINANCE,3,Lower Division Course,,FIN,1999,LOWER DIVISION TRANSFER CREDIT,3,,
FREN,101,ELEM FRENCH I,4,Lower Division Course,,FR,1115,BEGINNING FRENCH,4,Gen Ed-Foreign Language,
FREN,102,ELEM FRENCH II,4,Lower Division Course,,FR,1225,BEGINNING FRENCH (CONTINUED),4,Gen Ed-Foreign Language,
GEOG,100,PHYS GEOGRAPHY W/LAB,4,LOWER DIVISION,,GEOG,1114,PHYSICAL GEOGRAPHY,4,Gen Ed-Natural Science w/lab,
GEOG,102,CULTURAL GEOGRAPHY,3,Lower Division Course,,GEOG,1103,HUMAN GEOGRAPHY,3,Gen Ed-Western Culture,
GEOG,105,WORLD REGIONAL GEOG,3,Lower Division Course,,GEOG,2603,WORLD REGIONAL GEOGRAPHY,3,Gen Ed-Western Culture,
GEOG,200,WORLD REGIONAL GEOG,3,Lower Division Course,,GEOG,2603,WORLD REGIONAL GEOGRAPHY,3,Gen Ed-Western Culture,
GEOL,101,PHYSICAL GEOLOGY,4,Lower Division Course,,GEOL,1114,PHYSICAL GEOLOGY-SCI & ENGR,4,Gen Ed-Natural Science w/lab,
GEOL,109,PHYSICAL GEOLOGY,4,Lower Division Course,,GEOL,1114,PHYSICAL GEOLOGY-SCI & ENGR,4,Gen Ed-Natural Science w/lab,
GNED,101,INTRO TO GEN ED,3,LOWER DIVISION,,TRF,1999,LOWER DIVISION TRANSFER CREDIT,3,,
HACT,119,YOGA,1,LOWER DIVISION,,HES,1041,YOGA,1,,
HACT,129,RUNNING,1,LOWER DIV,,HES,1999,LOWER DIVISION TRANSFER CREDIT,1,,
HACT,130,BEGIN SPINNING,1,LOWER DIVISION,,HES,1999,LOWER DIVISION TRANSFER CREDIT,1,,
HACT,135,WALKING,1,LOWER DIV,,HES,1999,LOWER DIVISION TRANSFER CREDIT,1,,
HACT,275,ADVANCED BASKETBALL,1,LOWER DIVISION,,HES,1999,LOWER DIVISION TRANSFER CREDIT,1,,
HACT,277,ADV WEIGHT TRAINING,1,LOWER DIVISION,,HES,1999,LOWER DIVISION TRANSFER CREDIT,1,,
HIST,101,WESTERN CIVILIZATN,3,Lower Division Course,,HIST,1613,WESTERN CIVILIZATION I,3,Gen Ed-Western Culture,
HIST,102,WESTERN CIV II,3,LOWER DIVISION,,HIST,1613,WESTERN CIVILIZATION I,3,Gen Ed-Western Culture,
HIST,111,US HISTORY,3,Lower Division Course,,HIST,1483,UNITED STATES TO 1865,3,Gen Ed-US History,
HIST,112,US HISTORY,3,Lower Division Course,,HIST,1493,"UNITED STATES, 1865 TO PRESENT",3,Gen Ed-US History,
HLTH,153,WELLNESS-STRESS MGT,2,LOWER DIVISION,,HES,1999,LOWER DIVISION TRANSFER CREDIT,2,,
HLTH,204,LDRSHP AND ETHICS IN ATHLETICS,2,LOWER DIVISION,,HES,1999,LOWER DIVISION TRANSFER CREDIT,2,,
HONS,101,HONORS READING,1,LOWER DIVISION,,TRF,1999,LOWER DIVISION TRANSFER CREDIT,1,,
HONS,298,HONORS SEMINAR,2,LOWER DIVISION,,TRF,1999,LOWER DIVISION TRANSFER CREDIT,2,,
HOSM,110,THE PROFESSIONAL KITCHEN,2,LOWER DIVISION,,TRF,1999,LOWER DIVISION TRANSFER CREDIT,2,,
HOSM,140,HOSPITALITY LAW,3,LOWER DIVISION,,TRF,1999,LOWER DIVISION TRANSFER CREDIT,3,,
HOSM,151,HOSPITALITY MARKETING,3,LOWER DIVISION,,TRF,1999,LOWER DIVISION TRANSFER CREDIT,3,,
HOSM,154,FRONT OFFICE MANAGEMENT,3,LOWER DIVISION,,TRF,1999,LOWER DIVISION TRANSFER CREDIT,3,,
HOSM,158,HOTEL HOUSEKEEPING,2,LOWER DIVISION,,TRF,1999,LOWER DIVISION TRANSFER CREDIT,2,,
HOSM,167,MAINTENANCE AND ENGINEERING,2,LOWER DIVISION,,TRF,1999,LOWER DIVISION TRANSFER CREDIT,2,,
HOSM,173,EVENT MANAGEMENT,2,LOWER DIVISION,,TRF,1999,LOWER DIVISION TRANSFER CREDIT,2,,
HOSM,174,CUSTOMER SVC & CONFLICT RESOL,3,LOWER DIVISION,,TRF,1999,LOWER DIVISION TRANSFER CREDIT,3,,
HOSM,266,FOOD AND BEVERAGE SERVICE,3,LOWER DIVISION,,TRF,1999,LOWER DIVISION TRANSFER CREDIT,3,,
HOSM,267,FOOD & BEVERAGE CONTROLS,3,LOWER DIVISION,,TRF,1999,LOWER DIVISION TRANSFER CREDIT,3,,
HOSM,285,COOPERATIVE EDUCATION,2,LOWER DIVISION,,TRF,1999,LOWER DIVISION TRANSFER CREDIT,2,,
HREC,149,DUTCH OVEN COOKING,3,LOWER DIVISION,,TRF,1999,LOWER DIVISION TRANSFER CREDIT,3,,
HUMA,101,INTRO TO HUMANITIES,3,LOWER DIVISION,,TRF,1999,LOWER DIVISION TRANSFER CREDIT,3,,
HUMA,102,INTRO TO HUMANITIES II,3,LOWER DIVISION,,TRF,1999,LOWER DIVISION TRANSFER CREDIT,3,,
INFT,000E,COMPUTER LITERACY,0,Lower Division Course,,TRF,1999,LOWER DIVISION TRANSFER CREDIT,0,,
INFT,101,COMPUTER LITER SKL,3,Lower Division Course,,TRF,1999,LOWER DIVISION TRANSFER CREDIT,3,,
INFT,101E,COMP LIT SKILL DEV,3,Lower Division Course,,TRF,1999,LOWER DIVISION TRANSFER CREDIT,3,,
IS,101,INTRO MGT INFO SYS,3,Lower Division Course,,TRF,1999,LOWER DIVISION TRANSFER CREDIT,3,,
JOUR,111,JOURNALISM LAB,1,LOWER DIVISION,,JMC,1999,LOWER DIVISION TRANSFER CREDIT,1,,
KKCE,001,KEYBOARD,0,Lower Division Course,,TRF,1999,LOWER DIVISION TRANSFER CREDIT,0,,
KKMS,001,BABYSITING RED CROS,0,Lower Division Course,,TRF,1999,LOWER DIVISION TRANSFER CREDIT,0,,
LANG,101EA,BYU LANG I-SPAN,4,,,SPAN,1115,BEGINNING SPANISH,4,Gen Ed-Foreign Language,
LANG,101EB,BYU LANG-PORTGUESE,4,,,PORT,1115,BEGINNING PORTUGUESE,4,Gen Ed-Foreign Language,
LANG,102EA,BYU LANG 2-SPAN II,4,,,SPAN,1225,BEGINNING SPANISH (CONTINUED),4,Gen Ed-Foreign Language,
LANG,102EB,BYU LANG PORTUGU 2,4,,,PORT,1225,BEGINNING PORTUGUESE CONTINUED,4,Gen Ed-Foreign Language,
LANG,201E,BYU LANG 3-SPAN 3,4,Lower Division Course,,SPAN,2113,INTERMEDIATE SPANISH,3,,
LANG,201E,BYU LANG 3-SPAN 3,4,Lower Division Course,AND,SPAN,1999,LOWER DIVISION TRANSFER CREDIT,1,,
MATH,010,BEGINNING ALGEBRA,3,Lower Division Course,,MATH,0999,REMEDIAL TRANSFER CREDIT,3,,
MATH,015,PREALGEBRA,3,Lower Division Course,,MATH,0999,REMEDIAL TRANSFER CREDIT,3,,
MATH,020,INTERMED ALGEBRA,3,Lower Division Course,,MATH,0999,REMEDIAL TRANSFER CREDIT,3,,
MATH,025,BEGINNING ALGEBRA,3,Lower Division Course,,MATH,0999,REMEDIAL TRANSFER CREDIT,3,,
MATH,026,BEGIN ALGEBRA,3,Lower Division Course,,MATH,0999,REMEDIAL TRANSFER CREDIT,3,,
MATH,108A,COLLEGE ALGEBRA,3,,,MATH,1503,COLLEGE ALGEBRA,3,Gen Ed-Mathematics,
MATH,108B,INTERMED ALGEBRA,4,,,MATH,0999,REMEDIAL TRANSFER CREDIT,4,,
MATH,122,MATH IN MOD SOCIETY,3,Lower Division Course,,TRF,1999,LOWER DIVISION TRANSFER CREDIT,3,,
MATH,123,MATH-MODERN SOCIETY,3,Lower Division Course,,MATH,1473,MATH FOR CRITICAL THINKING,3,Gen Ed-Mathematics,
MATH,140,COLLEGE ALGEBRA,3,Lower Division Course,,MATH,1503,COLLEGE ALGEBRA,3,Gen Ed-Mathematics,
MATH,143,COLLEGE ALGEBRA,3,Lower Division Course,,MATH,1503,COLLEGE ALGEBRA,3,Gen Ed-Mathematics,
MATH,144,TROGONOMETRY,2,Lower Division Course,,MATH,1523,PRECALCULUS AND TRIGONOMETRY,2,Gen Ed-Mathematics,
MATH,147,PRECALCULUS,5,Lower Division Course,,MATH,1503,COLLEGE ALGEBRA,2,Gen Ed-Mathematics,
MATH,147,PRECALCULUS,5,Lower Division Course,AND,MATH,1523,PRECALCULUS AND TRIGONOMETRY,3,Gen Ed-Mathematics,
MATH,150,TRIGONOMETRY,2,Lower Division Course,,MATH,1523,PRECALCULUS AND TRIGONOMETRY,2,Gen Ed-Mathematics,
MATH,160A,SURVEY OF CALCULUS,4,,,MATH,1743,"CALCULUS I-BUS, LIFE, SOC SCI",3,Gen Ed-Mathematics,
MATH,160A,SURVEY OF CALCULUS,4,,AND,MATH,1999,LOWER DIVISION TRANSFER CREDIT,1,,
MATH,160B,BRIEF CALCULUS,4,,,MATH,1743,"CALCULUS I-BUS, LIFE, SOC SCI",3,Gen Ed-Mathematics,
MATH,160B,BRIEF CALCULUS,4,,AND,MATH,1999,LOWER DIVISION TRANSFER CREDIT,1,,
MATH,170,CALCULUS I,5,Lower Division Course,,MATH,1823,CALCULUS & ANALYT GEOMETRY I,3,Gen Ed-Mathematics,
MATH,170,CALCULUS I,5,Lower Division Course,AND,MATH,2423,CALCULUS & ANALYT GEOMETRY II,2,Gen Ed-Mathematics,
MATH,175,CALCULUS II,4,Lower Division Course,,MATH,2423,CALCULUS & ANALYT GEOMETRY II,1,Gen Ed-Mathematics,
MATH,175,CALCULUS II,4,Lower Division Course,AND,MATH,2433,CALCULUS & ANALYT GEOMETRY III,3,,
MATH,180,CALCULUS I,6,Lower Division Course,,MATH,1823,CALCULUS & ANALYT GEOMETRY I,3,Gen Ed-Mathematics,
MATH,180,CALCULUS I,6,Lower Division Course,AND,MATH,2423,CALCULUS & ANALYT GEOMETRY II,1,Gen Ed-Mathematics,
MATH,180,CALCULUS I,6,Lower Division Course,AND,MATH,1999,LOWER DIVISION TRANSFER CREDIT,2,,
MATH,190,CALCULUS III,4,Lower Division Course,,MATH,2423,CALCULUS & ANALYT GEOMETRY II,2,Gen Ed-Mathematics,
MATH,190,CALCULUS III,4,Lower Division Course,AND,MATH,2433,CALCULUS & ANALYT GEOMETRY III,2,,
MATH,210,CALCULUS III,4,Lower Division Course,,MATH,2433,CALCULUS & ANALYT GEOMETRY III,1,,
MATH,210,CALCULUS III,4,Lower Division Course,AND,MATH,2443,CALCULUS & ANALYT GEOMETRY IV,3,,
MATH,231,INTRO TO STATISTICS,3,Lower Division Course,,ECON,2843,ELEMENTS OF STATISTICS,3,Gen Ed-Mathematics,
MATH,253,INTRODUCTORY STATISTICS,3,Lower Division Course,,ECON,2843,ELEMENTS OF STATISTICS,3,Gen Ed-Mathematics,
MATH,275,CALCULUS III,4,Lower Division Course,,MATH,2443,CALCULUS & ANALYT GEOMETRY IV,3,,
MATH,275,CALCULUS III,4,Lower Division Course,AND,MATH,1999,LOWER DIVISION TRANSFER CREDIT,1,,
MUSI,100,MUSIC APPRECIATION,3,Lower Division Course,,MUNM,1113,THE UNDERSTANDING OF MUSIC,3,Gen Ed-Artistic Forms,
MUSI,103,FUND OF MUSIC,2,LOWER DIVISION,,MUNM,1999,LOWER DIVISION TRANSFER CREDIT,2,,
MUSI,107,MUSIC APPRECIATION,3,Lower Division Course,,MUNM,1113,THE UNDERSTANDING OF MUSIC,3,Gen Ed-Artistic Forms,
MUSI,108,SVY JAZZ & POP MUS,3,Lower Division Course,,MUNM,2313,HISTORY OF JAZZ,3,Gen Ed-Artistic Forms,
MUSI,145,PIANO CLASS,2,LOWER DIVISION,,MUS,1999,LOWER DIVISION TRANSFER CREDIT,2,,
NURA,S001,CERTIFIED NURSING ASSISTANT,0,LOWER DIVISION,,TRF,1999,LOWER DIVISION TRANSFER CREDIT,0,,
NURA,S008,SKILLS COMPETENCY TEST,0,LOWER DIVISION,,TRF,1999,LOWER DIVISION TRANSFER CREDIT,0,,
NURA,S031,HEARTSAVER CPR,0,Lower Division Course,,HES,1999,LOWER DIVISION TRANSFER CREDIT,0,,
OT,116F,INTERMED PRODUCTION,2,LOWER DIVISION,,TRF,1999,LOWER DIVISION TRANSFER CREDIT,2,,
PE,101,BOWLING,1,LOWER DIVISION,,HES,1999,LOWER DIVISION TRANSFER CREDIT,1,,
PE,118,AEROBICS/WGHT TRAIN,2,Lower Division Course,,TRF,1999,LOWER DIVISION TRANSFER CREDIT,2,,
PE,155,HEALTH & WELLNESS,2,Lower Division Course,,HES,2913,PERSONAL HEALTH,2,,
PE,195,VARS MEN/WOMEN TRCK,1,Lower Division Course,,TRF,1999,LOWER DIVISION TRANSFER CREDIT,1,,
PE,196,WGHT TRAINING/TRACK,1,Lower Division Course,,TRF,1999,LOWER DIVISION TRANSFER CREDIT,1,,
PHIL,101,INTRO PHILOSOPHY,3,Lower Division Course,,PHIL,1013,INTRODUCTION TO PHILOSOPHY,3,Gen Ed-Western Culture,
PHIL,202,ETHICS,3,LOWER DIVISION,,PHIL,1999,LOWER DIVISION TRANSFER CREDIT,3,,
PHY,213,GENERAL PHYSICS,4,Lower Division Course,,PHYS,2414,GENERAL PHYSICS-LIFE SCIENCES,3,Gen Ed-Natural Science,
PHY,213,GENERAL PHYSICS,4,Lower Division Course,AND,PHYS,1311,GENERAL PHYSICS LAB I,1,Gen Ed-Natural Science w/lab,
PHY,214,GEN PHYS,4,Lower Division Course,,PHYS,2424,GENERAL PHYSICS-LIFE SCIENCES,3,,
PHY,214,GEN PHYS,4,Lower Division Course,AND,PHYS,1321,GENERAL PHYSICS LAB II,1,Gen Ed-Natural Science w/lab,
PHY,223,PHY/SCIENT/ENGR,5,Lower Division Course,,PHYS,2514,GENERAL PHYSICS-ENGR/SCIENCES,4,Gen Ed-Natural Science,
PHY,223,PHY/SCIENT/ENGR,5,Lower Division Course,AND,PHYS,1311,GENERAL PHYSICS LAB I,1,Gen Ed-Natural Science w/lab,
PHY,224,PHY/SCIENT/ENGR,5,Lower Division Course,,PHYS,2524,GENERAL PHYSICS-ENGR/SCIENCES,4,,
PHY,224,PHY/SCIENT/ENGR,5,Lower Division Course,AND,PHYS,1321,GENERAL PHYSICS LAB II,1,Gen Ed-Natural Science w/lab,
PHYA,119,YOGA,1,LOWER DIVISION,,HES,1999,LOWER DIVISION TRANSFER CREDIT,1,,
PHYA,153,ACTIVITY BY CONTRACT,1,LOWER DIVISION,,HES,1999,LOWER DIVISION TRANSFER CREDIT,1,,
PHYA,175,BASKETBALL,1,LOWER DIVISION,,HES,1999,LOWER DIVISION TRANSFER CREDIT,1,,
PHYA,176,BASKETBALL 2,1,LOWER DIVISION,,HES,1999,LOWER DIVISION TRANSFER CREDIT,1,,
PHYA,177,WEIGHT TRAINING,1,LOWER DIVISION,,HES,1121,BEGINNING WEIGHT TRAINING,1,,
PHYA,178,WEIGHT TRAINING II,1,LOWER DIVISION,,HES,1999,LOWER DIVISION TRANSFER CREDIT,1,,
PHYA,199,COACHES' CLINIC,2,LOWER DIVISION,,HES,1999,LOWER DIVISION TRANSFER CREDIT,2,,
PHYE,105,WALKING FOR FITNESS,1,Lower Division Course,,HES,1999,LOWER DIVISION TRANSFER CREDIT,1,,
PHYE,115,STRETCH/STRENGTH,1,Lower Division Course,,HES,1999,LOWER DIVISION TRANSFER CREDIT,1,,
PHYE,116,ACTIVITY BY CONTRCT,1,Lower Division Course,,HES,1999,LOWER DIVISION TRANSFER CREDIT,1,,
PHYE,1161,ACTIVITY BY CONTRCT,1,Lower Division Course,,HES,1999,LOWER DIVISION TRANSFER CREDIT,1,,
PHYE,117,BEGINNING GOLF,1,Lower Division Course,,HES,1361,BEGINNING GOLF,1,,
PHYE,118,AEROBICS WGHT TRNG,1,Lower Division Course,,HES,1999,LOWER DIVISION TRANSFER CREDIT,1,,
PHYE,120,INTERMED GROUP FIT,1,Lower Division Course,,HES,1999,LOWER DIVISION TRANSFER CREDIT,1,,
PHYE,134,YOGA,1,Lower Division Course,,HES,1999,LOWER DIVISION TRANSFER CREDIT,1,,
PHYE,138,BEGIN RACQUETBALL,1,Lower Division Course,,HES,1661,BEGINNING RACQUETBALL,1,,
PHYE,139,INTRO TO WEIGHT MGT,1,LOWER DIVISION,,HES,1999,LOWER DIVISION TRANSFER CREDIT,1,,
PHYE,150,FIRST AID & CPR,2,Lower Division Course,,HES,2212,FIRST AID,2,,
PHYE,155,HEALTH & WELLNESS,3,Lower Division Course,,HES,2913,PERSONAL HEALTH,3,,
PHYE,166,SPORTS NUTRITION,1,LOWER DIVISION,,HES,1999,LOWER DIVISION TRANSFER CREDIT,1,,
PHYE,179,BASKETBALL FUNDAMEN,1,Lower Division Course,,HES,1921,BASKETBALL,1,,
PHYE,180,BASKETBALL FOR MEN,1,Lower Division Course,,HES,1999,LOWER DIVISION TRANSFER CREDIT,1,,
PHYE,181,"BSKTBL,WEIGHT TRAIN",1,Lower Division Course,,HES,1999,LOWER DIVISION TRANSFER CREDIT,1,,
PHYE,192,VOLLEYBALL,1,Lower Division Course,,HES,1981,VOLLEYBALL,1,,
PHYE,193,VOLLEYBALL WEIGHT,1,Lower Division Course,,HES,1999,LOWER DIVISION TRANSFER CREDIT,1,,
PHYE,199A,SPORTS MEDICINE,1,,,HES,1999,LOWER DIVISION TRANSFER CREDIT,1,,
PHYE,199B,ATHLETIC WEIGHTS,1,,,HES,1999,LOWER DIVISION TRANSFER CREDIT,1,,
PHYE,199C,ATHLETIC TRNG/CONDT,1,,,HES,1999,LOWER DIVISION TRANSFER CREDIT,1,,
PHYE,199D,EVENT PLANNING & MGT,3,LOWER DIVISION,,HES,1999,LOWER DIVISION TRANSFER CREDIT,3,,
PHYE,199E,COACHING BASKETBALL,2,LOWER DIVISION,,HES,1999,LOWER DIVISION TRANSFER CREDIT,2,,
PHYE,215,TECH-CAMP ORGANIZA,3,Lower Division Course,,HES,1999,LOWER DIVISION TRANSFER CREDIT,3,,
PHYE,221,TRNG & TAP TECH,1,Lower Division Course,,TRF,1999,LOWER DIVISION TRANSFER CREDIT,1,,
PHYE,280,ADV BASKETBALL-MEN,1,Lower Division Course,,HES,1999,LOWER DIVISION TRANSFER CREDIT,1,,
PHYE,281,"ADV BSKBL,WEIGHT TR",1,Lower Division Course,,HES,1999,LOWER DIVISION TRANSFER CREDIT,1,,
PHYE,292,ADV VOLLEYBALL,1,Lower Division Course,,HES,1999,LOWER DIVISION TRANSFER CREDIT,1,,
PHYE,293,ADV VOLLEYBALL/WIEG,1,Lower Division Course,,HES,1999,LOWER DIVISION TRANSFER CREDIT,1,,
PHYS,100,PHYSICS,4,LOWER DIVISION,,PHYS,1999,LOWER DIVISION TRANSFER CREDIT,4,,
PHYS,101,GENERAL ASTRONOMY,4,Lower Division Course,,ASTR,1514,ASTRONOMY: EXPL UNIV WITH LAB,4,Gen Ed-Natural Science w/lab,
PHYS,101,GENERAL ASTRONOMY,4,Lower Division Course,,ASTR,1514,ASTRONOMY: EXPL UNIV WITH LAB,4,Gen Ed-Natural Science w/lab,
PHYS,101L,GENERAL ASTRONOMY,0,Lower Division Course,,ASTR,1514,ASTRONOMY: EXPL UNIV WITH LAB,0,Gen Ed-Natural Science w/lab,
PHYS,111,GEN PHYS I W/LAB,4,Lower Division Course,,PHYS,2414,GENERAL PHYSICS-LIFE SCIENCES,3,Gen Ed-Natural Science,
PHYS,111,GEN PHYS I W/LAB,4,Lower Division Course,AND,PHYS,1311,GENERAL PHYSICS LAB I,1,Gen Ed-Natural Science w/lab,
PHYS,112,GEN PHYSICS 2 W/LAB,4,Lower Division Course,,PHYS,2424,GENERAL PHYSICS-LIFE SCIENCES,3,,
PHYS,112,GEN PHYSICS 2 W/LAB,4,Lower Division Course,AND,PHYS,1321,GENERAL PHYSICS LAB II,1,Gen Ed-Natural Science w/lab,
PHYS,211,PHYS SCI/ENGR,5,LOWER DIVISION,,PHYS,2514,GENERAL PHYSICS-ENGR/SCIENCES,4,Gen Ed-Natural Science,
PHYS,211,PHYS SCI/ENGR,5,LOWER DIVISION,AND,PHYS,1311,GENERAL PHYSICS LAB I,1,Gen Ed-Natural Science w/lab,
POLS,101,AMER NATL GOVERNMNT,3,Lower Division Course,,P SC,1113,AMERICAN FEDERAL GOVERNMENT,3,Gen Ed-American Government,
POLS,1011,INTRO POL SCI,3,Lower Division Course,,P SC,1113,AMERICAN FEDERAL GOVERNMENT,3,Gen Ed-American Government,
POLS,102,INTRO POLITCAL SCIENCE,3,LOWER DIVISION,,P SC,1113,AMERICAN FEDERAL GOVERNMENT,3,Gen Ed-American Government,
POLS,202,AMER STATE & LOCAL GOVT,3,LOWER DIV,,P SC,1999,LOWER DIVISION TRANSFER CREDIT,3,,
POLS,205,GOVERNMENT RESEARCH,3,Lower Division Course,,P SC,1999,LOWER DIVISION TRANSFER CREDIT,3,,
PSCI,101A,GOV'T BY CONSENT,Variable Credit,,,P SC,1113,AMERICAN FEDERAL GOVERNMENT,3,Gen Ed-American Government,
PSCI,101B,AMER NATION GOV,3,,,P SC,1113,AMERICAN FEDERAL GOVERNMENT,3,Gen Ed-American Government,
PSCI,221,INTRO-INTERNATIONAL REALTIONS,3,LOWER DIVISION,,P SC,2503,GLOBAL POLITICS,3,,
PSCI,293,LEGISLATIVE INTRNSP,9,Lower Division Course,,P SC,1999,LOWER DIVISION TRANSFER CREDIT,9,,
PSRE,101,REAL ESTATE ESSENTIALS,3,LOWER DIVISION,,TRF,1999,LOWER DIVISION TRANSFER CREDIT,3,,
PSRE,112,REAL ESTATE PRACTICES,3,LOWER DIVISION,,TRF,1999,LOWER DIVISION TRANSFER CREDIT,3,,
PSYC,101,GENERAL PSYCHOLOGY,3,Lower Division Course,,PSY,1113,ELEMENTS OF PSYCHOLOGY,3,Gen Ed-Social Science,
PSYC,201,CHILD PSYCHOLOGY,3,Lower Division Course,,PSY,1999,LOWER DIVISION TRANSFER CREDIT,3,,
RCON,101,CONSTRUCTION TOOLS & SAFETY,1,LOWER DIVISION,,TRF,1999,LOWER DIVISION TRANSFER CREDIT,1,,
RE,101,REAL ESTATE ESSNTLS,3,Lower Division Course,,TRF,1999,LOWER DIVISION TRANSFER CREDIT,3,,
RE,102,REAL ESTATE LAW,2,Lower Division Course,,TRF,1999,LOWER DIVISION TRANSFER CREDIT,2,,
RE,103,REAL ESTATE FINANCE,2,Lower Division Course,,TRF,1999,LOWER DIVISION TRANSFER CREDIT,2,,
RE,105,REAL ESTATE APPRAIS,2,Lower Division Course,,TRF,1999,LOWER DIVISION TRANSFER CREDIT,2,,
RE,112,REAL ESTATE PRACT,3,Lower Division Course,,TRF,1999,LOWER DIVISION TRANSFER CREDIT,3,,
READ,015,BASIC READING,3,Lower Division Course,,EDRG,0112,READING IMPROVEMENT,2,,
READ,015,BASIC READING,3,Lower Division Course,AND,TRF,0999,REMEDIAL TRANSFER CREDIT,1,,
READ,122,ENHANCED READ EFFIC,1,Lower Division Course,,TRF,1999,LOWER DIVISION TRANSFER CREDIT,1,,
SIGL,101,AMER SIGN LANG I,4,Lower Division Course,,TRF,1999,LOWER DIVISION TRANSFER CREDIT,4,Gen Ed-Foreign Language,
SOC,101,INTRO TO SOCIOLOGY,3,LOWER DIVISION,,SOC,1113,INTRODUCTION TO SOCIOLOGY,3,Gen Ed-Social Science,
SOCS,199,CIVIL LIBERTIES & THE ARTS,1,LOWER DIVISION,,TRF,1999,LOWER DIVISION TRANSFER CREDIT,1,,
SOCY,101,INTRO SOCIOLOGY,3,Lower Division Course,,SOC,1113,INTRODUCTION TO SOCIOLOGY,3,Gen Ed-Social Science,
SPAN,101,ELEM SPANISH,4,Lower Division Course,,SPAN,1115,BEGINNING SPANISH,4,Gen Ed-Foreign Language,
SPAN,102,ELEM SPANISH II,4,LOWER DIVISION,,SPAN,1225,BEGINNING SPANISH (CONTINUED),4,Gen Ed-Foreign Language,
SPCH,101,FUNDMNTLS OF SPEECH,2,Lower Division Course,,COMM,2613,PUBLIC SPEAKING,2,Gen Ed-Communications,
SS,010,BEGINNING ALGEBRA,3,Lower Division Course,,TRF,0999,REMEDIAL TRANSFER CREDIT,3,,
SS,011,BASIC ENGLISH,2,Lower Division Course,,TRF,0999,REMEDIAL TRANSFER CREDIT,2,,
SS,020,INTERMED ALGEBRA,4,Lower Division Course,,MATH,0999,REMEDIAL TRANSFER CREDIT,4,,
SS,023,DEVELOP COMPOSITION,3,Lower Division Course,,ENGL,0113,INTRO TO COLLEGE WRITING,3,,
SS,027,ESL-DEV READ,3,Lower Division Course,,TRF,0999,REMEDIAL TRANSFER CREDIT,3,,
SS,031,READING FUNDAMENTLS,1,Lower Division Course,,TRF,0999,REMEDIAL TRANSFER CREDIT,1,,
SS,070,SPELL DEVELOPMENT,2,Lower Division Course,,TRF,0999,REMEDIAL TRANSFER CREDIT,2,,
SS,103,ESL-LEVEL II WRITE/,3,Lower Division Course,,TRF,1999,LOWER DIVISION TRANSFER CREDIT,3,,
SS,104,ESL-LEV III WRIT/RE,3,Lower Division Course,,TRF,1999,LOWER DIVISION TRANSFER CREDIT,3,,
SS,105,ESL-LSTN/SPK COLL,2,Lower Division Course,,TRF,1999,LOWER DIVISION TRANSFER CREDIT,2,,
STEM,199B,EDUC OPPORTUNITIES IN ST,3,LOWER DIVISION,,TRF,1999,LOWER DIVISION TRANSFER CREDIT,3,,
STUS,101,COLL STUDY METHODS,2,LOWER DIVISION,,TRF,1999,LOWER DIVISION TRANSFER CREDIT,2,,
TECT,110,OSHA & INDUSTRIAL SAFETY,1,LOWER DIVISION,,TRF,1999,LOWER DIVISION TRANSFER CREDIT,1,,
THEA,101,THEATRE APPRECIATION,3,LOWER DIVISION,,DRAM,1713,UNDERSTANDING THEATRE,3,Gen Ed-Artistic Forms,
THEA,111,FUND OF ACTING,3,Lower Division Course,,DRAM,1503,ACTING FOR NON-MAJORS,3,,
THEA,130,STAGECRAFT,3,Lower Division Course,,DRAM,1124,STAGECRAFT,3,,
THEA,151,PLAY PRODUCTION,2,Lower Division Course,,DRAM,1999,LOWER DIVISION TRANSFER CREDIT,2,,
THEA,201,THEATRE HIST I,3,Lower Division Course,,DRAM,1999,LOWER DIVISION TRANSFER CREDIT,3,Gen Ed-Artistic Forms,
THEA,202,THEATRE HISTORY II,3,Lower Division Course,,DRAM,1999,LOWER DIVISION TRANSFER CREDIT,3,,
TREA,101,THEATRE APPRECIATION,3,LOWER DIVISION,,DRAM,1999,LOWER DIVISION TRANSFER CREDIT,3,,
WELL,100,WELL SNADBOX-DANC,1,LOWER DIVISION,,TRF,1999,LOWER DIVISION TRANSFER CREDIT,1,,
WELL,101,LIFELONG WELLNESS I,1,LOWER DIVISION,,TRF,1999,LOWER DIVISION TRANSFER CREDIT,1,,
